{
  "0.2|1.0": [
    5.286444327574647e-05,
    5.2912876948286595e-05
  ],
  "0.4|1.0": [
    5.683681307792521e-05,
    0.00010033867781244865
  ],
  "0.2|2.0": [
    7.316940825905282e-05,
    7.327591223807848e-05
  ],
  "0.4|2.0": [
    8.860531390818715e-05,
    0.00014027309812408785
  ],
  "0.2|1.9": [
    1.6676400783721935e-08,
    4.278215141612619e-08
  ],
  "0.4|1.9": [
    3.516028908849091e-05,
    3.606600241594271e-05
  ],
  "0.5|1.9": [
    0.0018917062103456699,
    0.0018894763348684582
  ],
  "0.2|1.8": [
    1.8111416364790384e-07,
    4.771617959344468e-07
  ],
  "0.5|1.8": [
    0.00031874673678887304,
    0.0003171373880077068
  ],
  "0.1|1.8": [
    4.9007028186375645e-09,
    4.921100089017951e-09
  ],
  "0.1|1.7": [
    9.345573688318812e-10,
    2.6782395756511995e-09
  ],
  "0.5|1.7": [
    0.0002828341535046338,
    0.0007855804864609966
  ],
  "0.0|1.7": [
    9.514992189206848e-12,
    2.756003877724754e-11
  ],
  "0.0|1.6": [
    1.4462058802349004e-11,
    4.7077707953052546e-11
  ],
  "0.5|1.6": [
    0.0032710393960290306,
    0.008012188967372231
  ],
  "0.1|1.6": [
    7.220122243329062e-09,
    2.1798933316358938e-08
  ],
  "0.6|1.6": [
    0.05489685190104067,
    0.13044525378479735
  ],
  "0.1|1.5": [
    1.4222171171127137e-08,
    2.420882765557467e-08
  ],
  "0.6|1.5": [
    0.01455806756706374,
    0.11170813595367349
  ],
  "0.7|1.5": [
    0.003596335391564247,
    0.0035963473400814124
  ],
  "0.1|1.4": [
    2.0299728093075412e-10,
    2.2178212865282523e-10
  ],
  "0.7|1.4": [
    0.006502656192969922,
    0.0012061611845640293
  ],
  "0.8|1.4": [
    0.0011214564012948177,
    0.002214143674091479
  ],
  "0.1|1.3": [
    5.839759631490503e-09,
    5.535331014965765e-09
  ],
  "0.8|1.3": [
    0.0003728235822058655,
    0.0023402330078932114
  ],
  "0.9|1.3": [
    0.07793952497009515,
    0.4450885779741058
  ],
  "0.0|1.3": [
    6.5361723395133525e-09,
    6.374445538595355e-09
  ],
  "0.0|1.2": [
    1.8537545043012097e-07,
    2.2903848882705008e-07
  ],
  "0.9|1.2": [
    0.005328458539621713,
    0.007772633695090924
  ],
  "0.1|1.2": [
    1.1261746631761985e-07,
    1.1211640486065794e-07
  ],
  "0.8|1.2": [
    0.0011490435317994512,
    0.02116393177431113
  ],
  "0.1|1.1": [
    2.357973948552441e-06,
    2.3514880646510526e-06
  ],
  "0.8|1.1": [
    0.014497008832037002,
    0.03202673687353512
  ],
  "0.1|1.0": [
    2.8648005562581206e-05,
    2.8643855433890342e-05
  ],
  "0.8|1.0": [
    0.5300250904636244,
    0.7726344055297412
  ],
  "0.2|0.9": [
    3.3742316291020593e-07,
    4.063313253104695e-07
  ],
  "0.8|0.9": [
    13.956386504898619,
    16.87438969622115
  ],
  "0.3|0.9": [
    3.968148232280086e-06,
    7.032662021765663e-06
  ],
  "0.3|0.8": [
    0.00010641072618165247,
    0.0001360835029066918
  ],
  "0.8|0.8": [
    19.88403312751398,
    19.84482418138402
  ],
  "0.7|0.8": [
    15.030706078696186,
    15.337772562416788
  ],
  "0.2|0.8": [
    5.775699557287352e-06,
    6.8022808604808755e-06
  ],
  "0.2|0.7": [
    6.045172676570346e-05,
    0.00013527661088717273
  ],
  "0.7|0.7": [
    19.870868675753506,
    19.831754790572752
  ],
  "0.1|0.7": [
    1.1391119983458486e-06,
    5.056476235616665e-06
  ],
  "0.1|0.6": [
    4.058253438218838e-06,
    1.25955143237248e-05
  ],
  "0.7|0.6": [
    16.859380709922466,
    12.502206840742884
  ],
  "0.8|0.6": [
    0.5726736047034031,
    0.327313820831828
  ],
  "0.0|0.6": [
    2.990255990677625e-06,
    2.9924412259877326e-06
  ],
  "0.0|0.5": [
    1.1784528891103575e-05,
    1.5476223869043846e-05
  ],
  "0.8|0.5": [
    0.028661154515223976,
    0.028380964822465153
  ],
  "0.7|0.5": [
    0.6258619655531664,
    0.41289390931247705
  ],
  "0.0|0.4": [
    5.113519707887423e-05,
    0.00024162678293032793
  ],
  "0.8|0.4": [
    0.04756111978862579,
    0.0475619052884206
  ],
  "0.1|0.4": [
    0.0008890574357724136,
    0.017819847915442357
  ],
  "0.1|0.3": [
    0.07326887188156744,
    0.4212695769283541
  ],
  "0.8|0.3": [
    0.04519672387466105,
    0.04519837176538492
  ],
  "0.2|0.3": [
    7.283121007721853,
    14.499875220163407
  ],
  "0.7|0.3": [
    0.01625318996445041,
    0.016250756764021837
  ],
  "0.2|0.2": [
    19.816476855687615,
    19.621705058714465
  ],
  "0.7|0.2": [
    0.010866060353683113,
    0.01086709128937539
  ],
  "0.2|0.1": [
    15.071909331082798,
    13.287188306777187
  ],
  "0.7|0.1": [
    0.016145742994056366,
    0.0161467314491904
  ],
  "0.7|1.0": [
    0.026654174415736906,
    0.039455244802615724
  ],
  "0.3|2.0": [
    1.6012511107947678e-07,
    6.387522308660949e-07
  ],
  "0.7|2.0": [
    0.01772205416941225,
    0.01772805247217053
  ],
  "0.3|1.9": [
    5.506578277400266e-07,
    1.1063557643998406e-06
  ],
  "0.8|1.9": [
    0.0036301419788307265,
    0.009009199220703083
  ],
  "0.9|1.9": [
    0.016151741217997805,
    0.03711153521257771
  ],
  "0.3|1.8": [
    1.7398521078199664e-05,
    3.592581619071676e-05
  ],
  "0.9|1.8": [
    0.29997787068222065,
    0.30004265830914595
  ],
  "1.0|1.8": [
    1.0861141211992638,
    0.25607541338399264
  ],
  "0.2|1.7": [
    5.2373290514437614e-08,
    9.601288544986953e-08
  ],
  "0.9|1.7": [
    0.010434053150264829,
    0.011292290060671444
  ],
  "0.8|1.7": [
    0.01227251148952401,
    0.04247872255219783
  ],
  "0.7|1.7": [
    0.012428696544351369,
    0.08005980429093544
  ],
  "0.2|1.6": [
    3.7101527723199166e-06,
    9.030364298908334e-07
  ],
  "0.7|1.6": [
    0.13890811965969624,
    0.13888137423884198
  ],
  "0.8|1.5": [
    0.010704218954314488,
    0.002637850463959725
  ],
  "0.0|1.5": [
    1.8681566601421678e-11,
    2.1489931236299106e-11
  ],
  "0.9|1.5": [
    0.005565424802161614,
    0.005659535635783026
  ],
  "0.9|1.4": [
    0.07136830074081105,
    0.1256723269781838
  ],
  "0.0|1.4": [
    2.970219189460966e-10,
    2.9753927097402424e-10
  ],
  "0.7|1.3": [
    0.00033995629294127766,
    0.0003397651531390321
  ],
  "0.0|1.1": [
    5.091048666172888e-06,
    5.5057759744962065e-06
  ],
  "0.9|1.1": [
    0.19645977675149315,
    0.2418201037510406
  ],
  "1.0|1.1": [
    0.8109151223413406,
    1.2173323274933672
  ],
  "0.0|1.0": [
    6.385956258905676e-05,
    0.0001300813692735586
  ],
  "1.0|1.0": [
    19.205126461173414,
    19.28969902413085
  ],
  "0.0|0.9": [
    1.3534765201656853e-09,
    1.773304941181889e-09
  ],
  "1.0|0.9": [
    19.989240988025834,
    19.251764155118945
  ],
  "0.1|0.9": [
    1.6524249389817267e-08,
    2.0831164996885512e-08
  ],
  "0.9|0.9": [
    19.877146521527663,
    19.828950632699428
  ],
  "0.0|0.8": [
    7.2689808613925875e-09,
    1.7814556114152395e-08
  ],
  "0.1|0.8": [
    2.3401872608596893e-07,
    5.227539421961595e-07
  ],
  "0.8|0.7": [
    19.195632890452593,
    14.351333060829525
  ],
  "0.0|0.7": [
    1.173322522121473e-07,
    1.7944782532704867e-07
  ],
  "0.0|2.0": [
    0.3575506772871171,
    0.29716525056485155
  ],
  "0.0|1.9": [
    2.6709079174541858e-11,
    2.6703845105162123e-11
  ],
  "0.7|1.9": [
    0.0007522917039090146,
    0.0007503696553225164
  ],
  "0.6|1.9": [
    0.0005620973843031612,
    0.0005620750610201077
  ],
  "0.0|1.8": [
    4.81926116939669e-12,
    9.559995635240637e-12
  ],
  "0.6|1.8": [
    0.01045368937438975,
    0.037392118982980886
  ],
  "0.4|1.8": [
    5.88418476998612e-06,
    6.522512571634157e-06
  ],
  "0.4|1.7": [
    2.1024829636754425e-05,
    2.764560189045913e-05
  ],
  "0.3|1.7": [
    1.6869666499252913e-06,
    2.32765691866089e-06
  ],
  "0.3|1.6": [
    7.36839794497462e-05,
    0.00012160867434478819
  ],
  "0.2|1.5": [
    3.374451555481122e-05,
    4.627724355686389e-05
  ],
  "0.2|1.4": [
    2.457793019431931e-08,
    5.5587952786055164e-08
  ],
  "0.3|1.4": [
    1.442358012773375e-05,
    4.8666958013658886e-05
  ],
  "0.2|1.3": [
    6.393100079819708e-09,
    6.552251146659667e-09
  ],